"","AMR Gene Family","nAMR_genes_perfamily_RGI","sum_RPKM_RGI","nAMR_genes_perfamily_ariba","sum_RPKM_ariba","nAMR_genes_perfamily_groot","sum_RPKM_groot","Sample","RGI","Ariba","Groot","npipelines","pipelines"
"SRR6714072.1","AAC(6');APH(2'')",1,0.0387959524089741,NA,NA,1,0.0193979762044871,"SRR6714072",1,0,1,"2","RGI+Groot"
"SRR6714072.2","ABC-F ATP-binding cassette ribosomal protection protein",4,13.1451430768249,1,8.16435018182944,1,0.435737790603256,"SRR6714072",1,1,1,"3","All"
"SRR6714072.3","ACI beta-lactamase",1,1.82953543991794,1,2.02555709419486,1,0.784086617107688,"SRR6714072",1,1,1,"3","All"
"SRR6714072.4","ANT(6)",2,25.8334469814186,1,26.5105674794657,1,10.7658767934903,"SRR6714072",1,1,1,"3","All"
"SRR6714072.5","APH(3')",1,0.0702719137973871,NA,NA,1,0.0351359568986936,"SRR6714072",1,0,1,"2","RGI+Groot"
"SRR6714072.6","ATP-binding cassette (ABC) antibiotic efflux pump",8,0.954863219953283,NA,NA,NA,NA,"SRR6714072",1,0,0,"1","RGI only"
"SRR6714072.7","ATP-binding cassette (ABC) antibiotic efflux pump;major facilitator superfamily (MFS) antibiotic efflux pump;resistance-nodulation-cell division (RND) antibiotic efflux pump",1,0.0375444700732008,NA,NA,NA,NA,"SRR6714072",1,0,0,"1","RGI only"
"SRR6714072.8","CblA beta-lactamase",1,6.27005291458168,1,6.52085503116495,1,2.16316825553068,"SRR6714072",1,1,1,"3","All"
"SRR6714072.9","cepA beta-lactamase",1,0.433071096658316,NA,NA,NA,NA,"SRR6714072",1,0,0,"1","RGI only"
"SRR6714072.10","CfxA beta-lactamase",1,57.1001632081962,2,152.546044873441,6,54.4041595169575,"SRR6714072",1,1,1,"3","All"
"SRR6714072.11","chloramphenicol acetyltransferase (CAT)",3,1.97182429785949,NA,NA,NA,NA,"SRR6714072",1,0,0,"1","RGI only"
"SRR6714072.12","Erm 23S ribosomal RNA methyltransferase",3,61.9283547108883,2,66.4008782965054,3,21.192839410252,"SRR6714072",1,1,1,"3","All"
"SRR6714072.13","General Bacterial Porin with reduced permeability to beta-lactams;resistance-nodulation-cell division (RND) antibiotic efflux pump",1,0.145484821533653,NA,NA,NA,NA,"SRR6714072",1,0,0,"1","RGI only"
"SRR6714072.14","glycopeptide resistance gene cluster;vanR",1,0.240802463228115,NA,NA,NA,NA,"SRR6714072",1,0,0,"1","RGI only"
"SRR6714072.15","lincosamide nucleotidyltransferase (LNU)",1,0.11286095246247,NA,NA,NA,NA,"SRR6714072",1,0,0,"1","RGI only"
"SRR6714072.16","major facilitator superfamily (MFS) antibiotic efflux pump",5,18.1255604399583,1,17.5102925499609,2,7.57718640383821,"SRR6714072",1,1,1,"3","All"
"SRR6714072.17","major facilitator superfamily (MFS) antibiotic efflux pump;resistance-nodulation-cell division (RND) antibiotic efflux pump",1,0.0155442881104404,NA,NA,NA,NA,"SRR6714072",1,0,0,"1","RGI only"
"SRR6714072.18","pmr phosphoethanolamine transferase",1,0.143614836681035,NA,NA,NA,NA,"SRR6714072",1,0,0,"1","RGI only"
"SRR6714072.19","resistance-nodulation-cell division (RND) antibiotic efflux pump",13,1.00943982983762,NA,NA,NA,NA,"SRR6714072",1,0,0,"1","RGI only"
"SRR6714072.20","rifamycin-resistant beta-subunit of RNA polymerase (rpoB)",2,1.00470112736198,NA,NA,NA,NA,"SRR6714072",1,0,0,"1","RGI only"
"SRR6714072.21","sulfonamide resistant sul",1,0.136926890855203,NA,NA,1,0.0684634454276014,"SRR6714072",1,0,1,"2","RGI+Groot"
"SRR6714072.22","tetracycline inactivation enzyme",3,32.150072754117,2,37.1506316920719,3,14.6697346841404,"SRR6714072",1,1,1,"3","All"
"SRR6714072.23","tetracycline-resistant ribosomal protection protein",5,161.846115315824,4,146.507637315438,6,36.2081650986125,"SRR6714072",1,1,1,"3","All"
"SRR6714072.24","trimethoprim resistant dihydrofolate reductase dfr",1,2.03149714432446,1,2.37008000171187,1,0.790026667237292,"SRR6714072",1,1,1,"3","All"
"SRR6714072.25","undecaprenyl pyrophosphate related proteins",1,0.0679637122492978,NA,NA,NA,NA,"SRR6714072",1,0,0,"1","RGI only"
"SRR6714073.1","ABC-F ATP-binding cassette ribosomal protection protein",9,4.57213074626825,1,2.64839138509379,1,0.0300953566487931,"SRR6714073",1,1,1,"3","All"
"SRR6714073.2","ACI beta-lactamase",1,2.22937954234849,1,2.74385174442891,1,1.07181708766754,"SRR6714073",1,1,1,"3","All"
"SRR6714073.3","ANT(6)",2,2.11701395239582,1,0.339408744428056,2,0.212427151232944,"SRR6714073",1,1,1,"3","All"
"SRR6714073.4","antibiotic-resistant isoleucyl-tRNA synthetase (ileS)",2,0.310562139121044,NA,NA,NA,NA,"SRR6714073",1,0,0,"1","RGI only"
"SRR6714073.5","APH(2'')",1,0.0820047973114765,NA,NA,NA,NA,"SRR6714073",1,0,0,"1","RGI only"
"SRR6714073.6","APH(3'')",1,0.0455922194007836,NA,NA,1,0.0455922194007836,"SRR6714073",1,0,1,"2","RGI+Groot"
"SRR6714073.7","APH(3')",1,2.72039310628374,1,3.31980175682083,1,1.19881730107419,"SRR6714073",1,1,1,"3","All"
"SRR6714073.8","APH(6)",2,0.135320630254027,NA,NA,NA,NA,"SRR6714073",1,0,0,"1","RGI only"
"SRR6714073.9","ATP-binding cassette (ABC) antibiotic efflux pump",5,0.743742229243849,NA,NA,NA,NA,"SRR6714073",1,0,0,"1","RGI only"
"SRR6714073.10","CblA beta-lactamase",1,2.55070813994418,1,2.55070813994418,1,0.370264084830606,"SRR6714073",1,1,1,"3","All"
"SRR6714073.11","CfxA beta-lactamase",1,43.2439454497191,2,85.2452632400505,6,32.3403220639327,"SRR6714073",1,1,1,"3","All"
"SRR6714073.12","chloramphenicol acetyltransferase (CAT)",3,10.6226021954533,1,3.0546786998525,1,0.176231463453029,"SRR6714073",1,1,1,"3","All"
"SRR6714073.13","elfamycin resistant EF-Tu",NA,NA,NA,NA,1,0.0309334551883798,"SRR6714073",0,0,1,"1","Groot only"
"SRR6714073.14","Erm 23S ribosomal RNA methyltransferase",4,23.9036702259113,3,25.5595868492791,4,9.08295668683883,"SRR6714073",1,1,1,"3","All"
"SRR6714073.15","glycopeptide resistance gene cluster;van ligase",1,1.8851731404804,NA,NA,NA,NA,"SRR6714073",1,0,0,"1","RGI only"
"SRR6714073.16","glycopeptide resistance gene cluster;vanR",2,0.5244083604897,NA,NA,NA,NA,"SRR6714073",1,0,0,"1","RGI only"
"SRR6714073.17","glycopeptide resistance gene cluster;vanS",1,0.264904385895068,NA,NA,NA,NA,"SRR6714073",1,0,0,"1","RGI only"
"SRR6714073.18","glycopeptide resistance gene cluster;vanT",1,0.308466853281038,1,0.205644568854025,1,0.102822284427013,"SRR6714073",1,1,1,"3","All"
"SRR6714073.19","glycopeptide resistance gene cluster;vanW",1,0.953233069457518,NA,NA,NA,NA,"SRR6714073",1,0,0,"1","RGI only"
"SRR6714073.20","glycopeptide resistance gene cluster;vanXY",1,0.670831400751922,NA,NA,NA,NA,"SRR6714073",1,0,0,"1","RGI only"
"SRR6714073.21","glycopeptide resistance gene cluster;vanY",1,0.175808846034676,NA,NA,NA,NA,"SRR6714073",1,0,0,"1","RGI only"
"SRR6714073.22","lincosamide nucleotidyltransferase (LNU)",2,11.5504657265481,1,11.2560281788504,2,1.55422229620512,"SRR6714073",1,1,1,"3","All"
"SRR6714073.23","major facilitator superfamily (MFS) antibiotic efflux pump",8,34.4218681141726,2,36.5477088493849,3,12.7880911780207,"SRR6714073",1,1,1,"3","All"
"SRR6714073.24","major facilitator superfamily (MFS) antibiotic efflux pump;resistance-nodulation-cell division (RND) antibiotic efflux pump",1,0.0203985222026878,NA,NA,1,0.0101992611013439,"SRR6714073",1,0,1,"2","RGI+Groot"
"SRR6714073.25","pmr phosphoethanolamine transferase",2,0.469475958827863,NA,NA,NA,NA,"SRR6714073",1,0,0,"1","RGI only"
"SRR6714073.26","resistance-nodulation-cell division (RND) antibiotic efflux pump",11,0.664143917077301,NA,NA,2,0.0610266121283805,"SRR6714073",1,0,1,"2","RGI+Groot"
"SRR6714073.27","rifamycin-resistant beta-subunit of RNA polymerase (rpoB)",2,5.39310781107955,NA,NA,NA,NA,"SRR6714073",1,0,0,"1","RGI only"
"SRR6714073.28","streptothricin acetyltransferase (SAT)",1,2.43024161756221,1,3.37533557994751,1,1.0801073855832,"SRR6714073",1,1,1,"3","All"
"SRR6714073.29","TEM beta-lactamase",1,0.0690973504207917,NA,NA,NA,NA,"SRR6714073",1,0,0,"1","RGI only"
"SRR6714073.30","tetracycline inactivation enzyme",2,21.0266442785253,1,25.6938527144406,3,9.90775883694184,"SRR6714073",1,1,1,"3","All"
"SRR6714073.31","tetracycline-resistant ribosomal protection protein",8,196.966196577756,4,160.435857024525,7,33.1604391191184,"SRR6714073",1,1,1,"3","All"
"SRR6714073.32","trimethoprim resistant dihydrofolate reductase dfr",1,3.11021831257709,1,3.40642958044158,1,1.11079225449182,"SRR6714073",1,1,1,"3","All"
"SRR6714074.1","AAC(6')",1,0.15174713932287,NA,NA,NA,NA,"SRR6714074",1,0,0,"1","RGI only"
"SRR6714074.2","ABC-F ATP-binding cassette ribosomal protection protein",6,36.4855944609521,1,25.467854454928,NA,NA,"SRR6714074",1,1,0,"2","RGI+Ariba"
"SRR6714074.3","ACI beta-lactamase",1,12.707713655576,1,13.6607921797442,1,4.79716190497993,"SRR6714074",1,1,1,"3","All"
"SRR6714074.4","ampC-type beta-lactamase",2,0.0885419087517106,NA,NA,1,0.0208143585737882,"SRR6714074",1,0,1,"2","RGI+Groot"
"SRR6714074.5","ANT(3'')",NA,NA,NA,NA,1,0.0342963862863556,"SRR6714074",0,0,1,"1","Groot only"
"SRR6714074.6","ANT(6)",4,19.8475731968771,2,19.1773959984539,2,8.07965700262728,"SRR6714074",1,1,1,"3","All"
"SRR6714074.7","antibiotic resistant fabG",NA,NA,NA,NA,1,0.036956106039175,"SRR6714074",0,0,1,"1","Groot only"
"SRR6714074.8","antibiotic resistant nfsA",NA,NA,NA,NA,1,0.0375694853925224,"SRR6714074",0,0,1,"1","Groot only"
"SRR6714074.9","antibiotic-resistant cya adenylate cyclase",NA,NA,NA,NA,2,0.021329201365366,"SRR6714074",0,0,1,"1","Groot only"
"SRR6714074.10","antibiotic-resistant GlpT",NA,NA,NA,NA,1,0.0199872979682073,"SRR6714074",0,0,1,"1","Groot only"
"SRR6714074.11","antibiotic-resistant isoleucyl-tRNA synthetase (ileS)",1,0.016343404295303,NA,NA,NA,NA,"SRR6714074",1,0,0,"1","RGI only"
"SRR6714074.12","antibiotic-resistant ptsI phosphotransferase",NA,NA,NA,NA,1,0.015719177047913,"SRR6714074",0,0,1,"1","Groot only"
"SRR6714074.13","APH(2'')",1,0.030180819931993,NA,NA,NA,NA,"SRR6714074",1,0,0,"1","RGI only"
"SRR6714074.14","APH(3')",1,0.170834829803734,NA,NA,1,0.0341669659607467,"SRR6714074",1,0,1,"2","RGI+Groot"
"SRR6714074.15","ATP-binding cassette (ABC) antibiotic efflux pump",11,1.04534352856471,NA,NA,1,0.0310608781461334,"SRR6714074",1,0,1,"2","RGI+Groot"
"SRR6714074.16","ATP-binding cassette (ABC) antibiotic efflux pump;major facilitator superfamily (MFS) antibiotic efflux pump;resistance-nodulation-cell division (RND) antibiotic efflux pump",1,0.0730181127386926,NA,NA,1,0.0365090563693463,"SRR6714074",1,0,1,"2","RGI+Groot"
"SRR6714074.17","CblA beta-lactamase",1,9.08473165629687,1,9.2066743630928,1,1.89011195533693,"SRR6714074",1,1,1,"3","All"
"SRR6714074.18","cepA beta-lactamase",1,0.240644411417884,NA,NA,NA,NA,"SRR6714074",1,0,0,"1","RGI only"
"SRR6714074.19","CfxA beta-lactamase",1,61.7979559932796,2,125.48698439014,6,47.418420312518,"SRR6714074",1,1,1,"3","All"
"SRR6714074.20","chloramphenicol acetyltransferase (CAT)",3,9.86114407346449,1,0.522360344976801,1,0.0435300287480668,"SRR6714074",1,1,1,"3","All"
"SRR6714074.21","elfamycin resistant EF-Tu",NA,NA,NA,NA,2,0.045005668500008,"SRR6714074",0,0,1,"1","Groot only"
"SRR6714074.22","Erm 23S ribosomal RNA methyltransferase",4,96.1094281002577,3,99.4508841619138,4,35.6534965782498,"SRR6714074",1,1,1,"3","All"
"SRR6714074.23","fluoroquinolone resistant gyrA",NA,NA,1,0.759653290805265,2,0.0821949923131576,"SRR6714074",0,1,1,"2","Groot+Ariba"
"SRR6714074.24","fluoroquinolone resistant parC",NA,NA,1,0.818735008793426,NA,NA,"SRR6714074",0,1,0,"1","Ariba only"
"SRR6714074.25","fluoroquinolone resistant parE",NA,NA,NA,NA,1,0.0143490427568905,"SRR6714074",0,0,1,"1","Groot only"
"SRR6714074.26","General Bacterial Porin with reduced permeability to beta-lactams",NA,NA,NA,NA,1,0.0492078585847711,"SRR6714074",0,0,1,"1","Groot only"
"SRR6714074.27","glycopeptide resistance gene cluster;van ligase",1,0.051886796444687,NA,NA,NA,NA,"SRR6714074",1,0,0,"1","RGI only"
"SRR6714074.28","glycopeptide resistance gene cluster;vanR",2,0.545036932396247,NA,NA,NA,NA,"SRR6714074",1,0,0,"1","RGI only"
"SRR6714074.29","lincosamide nucleotidyltransferase (LNU)",1,31.16855585704,1,15.3647810562873,1,2.3047171584431,"SRR6714074",1,1,1,"3","All"
"SRR6714074.30","Llm 23S ribosomal RNA methyltransferase",1,0.062876708191652,NA,NA,NA,NA,"SRR6714074",1,0,0,"1","RGI only"
"SRR6714074.31","major facilitator superfamily (MFS) antibiotic efflux pump",11,10.4423435722044,4,12.0268625610284,8,4.50687836157121,"SRR6714074",1,1,1,"3","All"
"SRR6714074.32","major facilitator superfamily (MFS) antibiotic efflux pump;resistance-nodulation-cell division (RND) antibiotic efflux pump",1,0.0302312052741165,NA,NA,1,0.0151156026370582,"SRR6714074",1,0,1,"2","RGI+Groot"
"SRR6714074.33","MipA-interacting Protein",NA,NA,NA,NA,1,0.0727248673060071,"SRR6714074",0,0,1,"1","Groot only"
"SRR6714074.34","pmr phosphoethanolamine transferase",3,1.22587956652662,NA,NA,2,0.044554067977163,"SRR6714074",1,0,1,"2","RGI+Groot"
"SRR6714074.35","resistance-nodulation-cell division (RND) antibiotic efflux pump",18,1.37159275772668,NA,NA,5,0.122037447437838,"SRR6714074",1,0,1,"2","RGI+Groot"
"SRR6714074.36","rifamycin-resistant beta-subunit of RNA polymerase (rpoB)",1,3.98173243584675,NA,NA,1,0.0134836127767653,"SRR6714074",1,0,1,"2","RGI+Groot"
"SRR6714074.37","streptogramin vat acetyltransferase",1,0.176668214236056,NA,NA,NA,NA,"SRR6714074",1,0,0,"1","RGI only"
"SRR6714074.38","streptothricin acetyltransferase (SAT)",1,0.0500234584508171,NA,NA,1,0.0500234584508171,"SRR6714074",1,0,1,"2","RGI+Groot"
"SRR6714074.39","Sugar Porin (SP)",NA,NA,NA,NA,1,0.0202555838469751,"SRR6714074",0,0,1,"1","Groot only"
"SRR6714074.40","sulfonamide resistant dihydropteroate synthase folP",NA,NA,NA,NA,1,0.0639876040960981,"SRR6714074",0,0,1,"1","Groot only"
"SRR6714074.41","tetracycline inactivation enzyme",2,24.7684118607871,1,35.053199088109,3,13.5681633280584,"SRR6714074",1,1,1,"3","All"
"SRR6714074.42","tetracycline-resistant ribosomal protection protein",7,180.109902413341,5,157.428035921385,6,29.4419947214142,"SRR6714074",1,1,1,"3","All"
"SRR6714074.43","trimethoprim resistant dihydrofolate reductase dfr",1,2.63396246679211,1,2.96320777514113,1,1.09748436116338,"SRR6714074",1,1,1,"3","All"
"SRR6714074.44","undecaprenyl pyrophosphate related proteins",1,0.0660893867123933,NA,NA,NA,NA,"SRR6714074",1,0,0,"1","RGI only"
"SRR6714075.1","ABC-F ATP-binding cassette ribosomal protection protein",4,0.355733814185038,NA,NA,NA,NA,"SRR6714075",1,0,0,"1","RGI only"
"SRR6714075.2","ACI beta-lactamase",1,4.90736903876771,1,5.00960589374204,1,1.89138181702505,"SRR6714075",1,1,1,"3","All"
"SRR6714075.3","ANT(6)",4,38.7556806415747,1,37.8382860128943,3,15.681996346786,"SRR6714075",1,1,1,"3","All"
"SRR6714075.4","antibiotic-resistant isoleucyl-tRNA synthetase (ileS)",2,0.265103306681493,NA,NA,NA,NA,"SRR6714075",1,0,0,"1","RGI only"
"SRR6714075.5","APH(2'')",1,3.08458915048764,1,3.13204436818745,1,1.13892522479544,"SRR6714075",1,1,1,"3","All"
"SRR6714075.6","APH(3')",1,0.604740642159464,1,0.659717064173961,1,0.32985853208698,"SRR6714075",1,1,1,"3","All"
"SRR6714075.7","APH(6)",1,0.327387681659363,NA,NA,NA,NA,"SRR6714075",1,0,0,"1","RGI only"
"SRR6714075.8","ATP-binding cassette (ABC) antibiotic efflux pump",4,1.1069668988215,NA,NA,NA,NA,"SRR6714075",1,0,0,"1","RGI only"
"SRR6714075.9","CfxA beta-lactamase",1,120.674902238146,2,165.577685849949,6,58.6740317438965,"SRR6714075",1,1,1,"3","All"
"SRR6714075.10","chloramphenicol acetyltransferase (CAT)",3,12.4504061169134,1,10.3662272663873,1,0.210126228372716,"SRR6714075",1,1,1,"3","All"
"SRR6714075.11","Erm 23S ribosomal RNA methyltransferase",5,137.581073730879,4,148.060345575499,4,44.8488911735275,"SRR6714075",1,1,1,"3","All"
"SRR6714075.12","glycopeptide resistance gene cluster;van ligase",3,0.917687633787716,1,0.749250094311856,2,0.168199000763886,"SRR6714075",1,1,1,"3","All"
"SRR6714075.13","glycopeptide resistance gene cluster;vanH",1,0.31475698406448,NA,NA,NA,NA,"SRR6714075",1,0,0,"1","RGI only"
"SRR6714075.14","glycopeptide resistance gene cluster;vanR",3,0.880576225639442,NA,NA,NA,NA,"SRR6714075",1,0,0,"1","RGI only"
"SRR6714075.15","glycopeptide resistance gene cluster;vanS",1,0.162597676716983,NA,NA,1,0.065039070686793,"SRR6714075",1,0,1,"2","RGI+Groot"
"SRR6714075.16","glycopeptide resistance gene cluster;vanT",1,0.837754313025957,1,0.939919473151073,1,0.265629416325303,"SRR6714075",1,1,1,"3","All"
"SRR6714075.17","glycopeptide resistance gene cluster;vanW",2,0.573900106929778,NA,NA,NA,NA,"SRR6714075",1,0,0,"1","RGI only"
"SRR6714075.18","glycopeptide resistance gene cluster;vanX",1,0.071767250413013,NA,NA,NA,NA,"SRR6714075",1,0,0,"1","RGI only"
"SRR6714075.19","glycopeptide resistance gene cluster;vanXY",1,0.856985401990685,1,1.02838248238882,1,0.114264720265425,"SRR6714075",1,1,1,"3","All"
"SRR6714075.20","glycopeptide resistance gene cluster;vanY",2,0.317940186045165,NA,NA,NA,NA,"SRR6714075",1,0,0,"1","RGI only"
"SRR6714075.21","lincosamide nucleotidyltransferase (LNU)",1,2.82545490110868,1,1.94250024451222,1,0.176590931319293,"SRR6714075",1,1,1,"3","All"
"SRR6714075.22","Llm 23S ribosomal RNA methyltransferase",1,0.404687550940045,NA,NA,NA,NA,"SRR6714075",1,0,0,"1","RGI only"
"SRR6714075.23","major facilitator superfamily (MFS) antibiotic efflux pump",2,5.37288059490022,1,5.72727344819327,2,1.50519014876025,"SRR6714075",1,1,1,"3","All"
"SRR6714075.24","pmr phosphoethanolamine transferase",1,0.0749036084002141,NA,NA,NA,NA,"SRR6714075",1,0,0,"1","RGI only"
"SRR6714075.25","resistance-nodulation-cell division (RND) antibiotic efflux pump",7,0.293732668206612,NA,NA,NA,NA,"SRR6714075",1,0,0,"1","RGI only"
"SRR6714075.26","rifamycin-resistant beta-subunit of RNA polymerase (rpoB)",2,4.25476728896855,1,0.760962606316918,NA,NA,"SRR6714075",1,1,0,"2","RGI+Ariba"
"SRR6714075.27","streptothricin acetyltransferase (SAT)",1,0.241471024870303,NA,NA,1,0.0804903416234344,"SRR6714075",1,0,1,"2","RGI+Groot"
"SRR6714075.28","sulfonamide resistant sul",1,0.107123175248836,NA,NA,1,0.0535615876244178,"SRR6714075",1,0,1,"2","RGI+Groot"
"SRR6714075.29","TEM beta-lactamase",1,0.123580364283294,NA,NA,2,0.101701893238362,"SRR6714075",1,0,1,"2","RGI+Groot"
"SRR6714075.30","tetracycline inactivation enzyme",3,64.6651811974387,1,84.8657883174425,3,32.7019257684588,"SRR6714075",1,1,1,"3","All"
"SRR6714075.31","tetracycline-resistant ribosomal protection protein",6,297.865160155823,6,273.408392027561,7,67.4590384575835,"SRR6714075",1,1,1,"3","All"
"SRR6714075.32","trimethoprim resistant dihydrofolate reductase dfr",1,1.58931838187363,1,1.76590931319293,1,0.618068259617524,"SRR6714075",1,1,1,"3","All"
"SRR6714076.1","AAC(6')",1,6.06473115077949,1,6.18136059598678,1,0.116629445207298,"SRR6714076",1,1,1,"3","All"
"SRR6714076.2","ABC-F ATP-binding cassette ribosomal protection protein",6,3.35952400933986,1,1.69687224837317,1,0.0257101855814117,"SRR6714076",1,1,1,"3","All"
"SRR6714076.3","ACI beta-lactamase",1,7.83790794405395,1,8.13091384850456,1,3.18643921090044,"SRR6714076",1,1,1,"3","All"
"SRR6714076.4","aminocoumarin resistant gyrB",NA,NA,1,5.75729303558708,1,2.41183897436756,"SRR6714076",0,1,1,"2","Groot+Ariba"
"SRR6714076.5","ampC-type beta-lactamase",3,15.6857077488619,3,16.4688051688353,4,6.70857535076321,"SRR6714076",1,1,1,"3","All"
"SRR6714076.6","ANT(6)",4,8.79003814924005,1,6.74142491099266,2,2.82704915622273,"SRR6714076",1,1,1,"3","All"
"SRR6714076.7","ANT(9)",1,0.0399936220155293,NA,NA,NA,NA,"SRR6714076",1,0,0,"1","RGI only"
"SRR6714076.8","antibiotic resistant fabG",NA,NA,1,4.85702134469412,2,2.17287796999474,"SRR6714076",0,1,1,"2","Groot+Ariba"
"SRR6714076.9","antibiotic resistant fabI",NA,NA,1,4.12770675281189,1,1.66695849632788,"SRR6714076",0,1,1,"2","Groot+Ariba"
"SRR6714076.10","antibiotic resistant nfsA",NA,NA,1,3.9847587213149,1,1.68919119707914,"SRR6714076",0,1,1,"2","Groot+Ariba"
"SRR6714076.11","antibiotic-resistant cya adenylate cyclase",NA,NA,2,13.4259860988104,4,5.68022488795825,"SRR6714076",0,1,1,"2","Groot+Ariba"
"SRR6714076.12","antibiotic-resistant GlpT",NA,NA,1,4.14768291896152,1,1.79732926488332,"SRR6714076",0,1,1,"2","Groot+Ariba"
"SRR6714076.13","antibiotic-resistant isoleucyl-tRNA synthetase (ileS)",1,1.22471443590876,NA,NA,NA,NA,"SRR6714076",1,0,0,"1","RGI only"
"SRR6714076.14","antibiotic-resistant murA transferase",NA,NA,1,5.46769946698022,1,1.01898035520995,"SRR6714076",0,1,1,"2","Groot+Ariba"
"SRR6714076.15","antibiotic-resistant ptsI phosphotransferase",NA,NA,1,6.45147115138007,1,2.89953759612588,"SRR6714076",0,1,1,"2","Groot+Ariba"
"SRR6714076.16","antibiotic-resistant UhpT",NA,NA,3,18.7777668362025,5,7.69628532494528,"SRR6714076",0,1,1,"2","Groot+Ariba"
"SRR6714076.17","APH(2'')",1,1.80931145998255,1,1.87890036228957,1,0.521916767302658,"SRR6714076",1,1,1,"3","All"
"SRR6714076.18","APH(3')",1,13.7077007563264,1,14.416719760964,1,6.06605148412145,"SRR6714076",1,1,1,"3","All"
"SRR6714076.19","APH(6)",1,0.625518222984459,NA,NA,NA,NA,"SRR6714076",1,0,0,"1","RGI only"
"SRR6714076.20","ATP-binding cassette (ABC) antibiotic efflux pump",10,10.5501695948772,4,19.3879893990074,2,3.66209518242656,"SRR6714076",1,1,1,"3","All"
"SRR6714076.21","ATP-binding cassette (ABC) antibiotic efflux pump;General Bacterial Porin with reduced permeability to beta-lactams;major facilitator superfamily (MFS) antibiotic efflux pump;resistance-nodulation-cell division (RND) antibiotic efflux pump",NA,NA,1,11.4048478780951,1,1.25646629165455,"SRR6714076",0,1,1,"2","Groot+Ariba"
"SRR6714076.22","ATP-binding cassette (ABC) antibiotic efflux pump;major facilitator superfamily (MFS) antibiotic efflux pump;resistance-nodulation-cell division (RND) antibiotic efflux pump",1,6.31350928188699,2,15.6490850067039,2,6.32613630045076,"SRR6714076",1,1,1,"3","All"
"SRR6714076.23","ATP-binding cassette (ABC) antibiotic efflux pump;pmr phosphoethanolamine transferase",NA,NA,1,12.1780579037287,1,0.652395959128322,"SRR6714076",0,1,1,"2","Groot+Ariba"
"SRR6714076.24","CblA beta-lactamase",1,1.12466912819428,1,1.05437730768214,1,0.140583641024285,"SRR6714076",1,1,1,"3","All"
"SRR6714076.25","CfxA beta-lactamase",1,9.1178230432392,2,67.4871226938269,6,28.4413978547955,"SRR6714076",1,1,1,"3","All"
"SRR6714076.26","chloramphenicol acetyltransferase (CAT)",3,3.69650243258449,1,1.00368609096665,1,0.100368609096665,"SRR6714076",1,1,1,"3","All"
"SRR6714076.27","elfamycin resistant EF-Tu",NA,NA,1,12.5260024152638,3,4.90592093155193,"SRR6714076",0,1,1,"2","Groot+Ariba"
"SRR6714076.28","Erm 23S ribosomal RNA methyltransferase",3,53.0026298842851,3,56.2436932654878,3,16.62534424117,"SRR6714076",1,1,1,"3","All"
"SRR6714076.29","fluoroquinolone resistant gyrA",NA,NA,NA,NA,2,1.58481575459483,"SRR6714076",0,0,1,"1","Groot only"
"SRR6714076.30","fluoroquinolone resistant parC",NA,NA,1,5.54493245474271,3,2.28728463758137,"SRR6714076",0,1,1,"2","Groot+Ariba"
"SRR6714076.31","fluoroquinolone resistant parE",NA,NA,1,5.82296995532601,1,2.36558154435119,"SRR6714076",0,1,1,"2","Groot+Ariba"
"SRR6714076.32","General Bacterial Porin with reduced permeability to beta-lactams",2,3.06191170150892,2,12.4104480800908,2,4.35368226839066,"SRR6714076",1,1,1,"3","All"
"SRR6714076.33","General Bacterial Porin with reduced permeability to beta-lactams;resistance-nodulation-cell division (RND) antibiotic efflux pump",1,6.52395959128322,1,7.66565251975779,1,2.12028686716705,"SRR6714076",1,1,1,"3","All"
"SRR6714076.34","glycopeptide resistance gene cluster;van ligase",2,0.0900800951146278,NA,NA,NA,NA,"SRR6714076",1,0,0,"1","RGI only"
"SRR6714076.35","glycopeptide resistance gene cluster;vanH",1,0.0322170844013986,NA,NA,NA,NA,"SRR6714076",1,0,0,"1","RGI only"
"SRR6714076.36","glycopeptide resistance gene cluster;vanR",6,2.32389399170543,NA,NA,NA,NA,"SRR6714076",1,0,0,"1","RGI only"
"SRR6714076.37","glycopeptide resistance gene cluster;vanS",2,0.393683178715045,NA,NA,NA,NA,"SRR6714076",1,0,0,"1","RGI only"
"SRR6714076.38","glycopeptide resistance gene cluster;vanT",1,0.234240344371459,1,0.204960301325027,1,0.073200107616081,"SRR6714076",1,1,1,"3","All"
"SRR6714076.39","glycopeptide resistance gene cluster;vanW",1,0.0370153735675644,NA,NA,NA,NA,"SRR6714076",1,0,0,"1","RGI only"
"SRR6714076.40","glycopeptide resistance gene cluster;vanXY",1,0.286542538911263,NA,NA,NA,NA,"SRR6714076",1,0,0,"1","RGI only"
"SRR6714076.41","glycopeptide resistance gene cluster;vanY",1,0.0892165414192577,NA,NA,NA,NA,"SRR6714076",1,0,0,"1","RGI only"
"SRR6714076.42","kdpDE",1,3.97210991044501,1,3.51023666504442,1,1.4318070607418,"SRR6714076",1,1,1,"3","All"
"SRR6714076.43","lincosamide nucleotidyltransferase (LNU)",1,6.07321329224911,1,4.30185941534312,2,0.86136331247734,"SRR6714076",1,1,1,"3","All"
"SRR6714076.44","Llm 23S ribosomal RNA methyltransferase",1,0.434930639418881,NA,NA,NA,NA,"SRR6714076",1,0,0,"1","RGI only"
"SRR6714076.45","macrolide phosphotransferase (MPH)",NA,NA,NA,NA,1,0.328249539184062,"SRR6714076",0,0,1,"1","Groot only"
"SRR6714076.46","major facilitator superfamily (MFS) antibiotic efflux pump",14,70.1041431451057,14,80.3461959420942,15,26.3992578634877,"SRR6714076",1,1,1,"3","All"
"SRR6714076.47","major facilitator superfamily (MFS) antibiotic efflux pump;resistance-nodulation-cell division (RND) antibiotic efflux pump",3,18.194215913492,3,20.8591569526077,3,7.30989989304422,"SRR6714076",1,1,1,"3","All"
"SRR6714076.48","MipA-interacting Protein",NA,NA,1,5.61741741514507,1,1.55107794298782,"SRR6714076",0,1,1,"2","Groot+Ariba"
"SRR6714076.49","multidrug and toxic compound extrusion (MATE) transporter",1,0.351607085340738,NA,NA,NA,NA,"SRR6714076",1,0,0,"1","RGI only"
"SRR6714076.50","pmr phosphoethanolamine transferase",5,16.9333483477036,3,15.9096292148737,3,5.75921125600422,"SRR6714076",1,1,1,"3","All"
"SRR6714076.51","resistance-nodulation-cell division (RND) antibiotic efflux pump",25,91.1549939500506,19,104.360686204219,18,36.972708383125,"SRR6714076",1,1,1,"3","All"
"SRR6714076.52","rifamycin-resistant beta-subunit of RNA polymerase (rpoB)",2,9.0568039720306,2,8.99030484346133,1,1.78765236752958,"SRR6714076",1,1,1,"3","All"
"SRR6714076.53","streptogramin vat acetyltransferase",1,0.101837418010275,NA,NA,NA,NA,"SRR6714076",1,0,0,"1","RGI only"
"SRR6714076.54","streptothricin acetyltransferase (SAT)",1,1.6147701087817,1,1.84545155289338,1,0.403692527195426,"SRR6714076",1,1,1,"3","All"
"SRR6714076.55","Sugar Porin (SP)",NA,NA,1,7.28581795966126,1,1.58793468351592,"SRR6714076",0,1,1,"2","Groot+Ariba"
"SRR6714076.56","sulfonamide resistant dihydropteroate synthase folP",NA,NA,1,6.491685586238,1,2.69257413520099,"SRR6714076",0,1,1,"2","Groot+Ariba"
"SRR6714076.57","tetracycline inactivation enzyme",2,28.0755056768776,1,38.3186192137889,3,15.4825273936151,"SRR6714076",1,1,1,"3","All"
"SRR6714076.58","tetracycline-resistant ribosomal protection protein",7,272.332366477815,5,295.025241159432,7,104.892048079837,"SRR6714076",1,1,1,"3","All"
"SRR6714076.59","triclosan resistant gyrA",NA,NA,1,4.79019498757234,1,0.571963580605652,"SRR6714076",0,1,1,"2","Groot+Ariba"
"SRR6714076.60","trimethoprim resistant dihydrofolate reductase dfr",1,8.22414299992067,1,9.36287049221738,1,3.28965719996827,"SRR6714076",1,1,1,"3","All"
"SRR6714076.61","undecaprenyl pyrophosphate related proteins",1,4.72391818580508,1,5.25726378742823,1,2.17147852089427,"SRR6714076",1,1,1,"3","All"
"SRR6714077.1","ABC-F ATP-binding cassette ribosomal protection protein",4,1.96886139989085,1,1.19374677739477,1,0.0426338134783848,"SRR6714077",1,1,1,"3","All"
"SRR6714077.2","ACI beta-lactamase",1,1.21468970331398,1,1.21468970331398,1,0.455508638742743,"SRR6714077",1,1,1,"3","All"
"SRR6714077.3","ANT(6)",2,19.355732685527,1,19.1123833005809,1,8.05364579332655,"SRR6714077",1,1,1,"3","All"
"SRR6714077.4","antibiotic-resistant isoleucyl-tRNA synthetase (ileS)",2,0.0493964364975598,NA,NA,NA,NA,"SRR6714077",1,0,0,"1","RGI only"
"SRR6714077.5","APH(3')",1,1.07775062827056,1,1.11040973821816,1,0.555204869109079,"SRR6714077",1,1,1,"3","All"
"SRR6714077.6","APH(6)",2,0.321356382485416,NA,NA,NA,NA,"SRR6714077",1,0,0,"1","RGI only"
"SRR6714077.7","ATP-binding cassette (ABC) antibiotic efflux pump",4,0.198137656253835,NA,NA,NA,NA,"SRR6714077",1,0,0,"1","RGI only"
"SRR6714077.8","CblA beta-lactamase",1,0.116561133146291,NA,NA,1,0.0291402832865728,"SRR6714077",1,0,1,"2","RGI+Groot"
"SRR6714077.9","CfxA beta-lactamase",1,199.448299112632,2,301.418448324042,6,117.947243394883,"SRR6714077",1,1,1,"3","All"
"SRR6714077.10","chloramphenicol acetyltransferase (CAT)",2,0.799703956291785,NA,NA,NA,NA,"SRR6714077",1,0,0,"1","RGI only"
"SRR6714077.11","Erm 23S ribosomal RNA methyltransferase",3,67.4557987008764,3,74.3996960038937,3,20.4577897343199,"SRR6714077",1,1,1,"3","All"
"SRR6714077.12","fluoroquinolone resistant gyrA",NA,NA,1,0.353251597392331,1,0.0392501774880368,"SRR6714077",0,1,1,"2","Groot+Ariba"
"SRR6714077.13","fluoroquinolone resistant parC",NA,NA,NA,NA,1,0.0115088618831278,"SRR6714077",0,0,1,"1","Groot only"
"SRR6714077.14","glycopeptide resistance gene cluster;van ligase",1,0.148790787440323,NA,NA,NA,NA,"SRR6714077",1,0,0,"1","RGI only"
"SRR6714077.15","glycopeptide resistance gene cluster;vanR",2,0.147953784910157,NA,NA,NA,NA,"SRR6714077",1,0,0,"1","RGI only"
"SRR6714077.16","glycopeptide resistance gene cluster;vanU",1,0.227754319371371,NA,NA,NA,NA,"SRR6714077",1,0,0,"1","RGI only"
"SRR6714077.17","Llm 23S ribosomal RNA methyltransferase",1,0.240407337114225,NA,NA,NA,NA,"SRR6714077",1,0,0,"1","RGI only"
"SRR6714077.18","major facilitator superfamily (MFS) antibiotic efflux pump",5,1.0611542575393,1,0.893110303972257,3,0.380197453962529,"SRR6714077",1,1,1,"3","All"
"SRR6714077.19","major facilitator superfamily (MFS) antibiotic efflux pump;resistance-nodulation-cell division (RND) antibiotic efflux pump",1,0.0144485210953458,NA,NA,NA,NA,"SRR6714077",1,0,0,"1","RGI only"
"SRR6714077.20","pmr phosphoethanolamine transferase",1,0.444969878463348,NA,NA,NA,NA,"SRR6714077",1,0,0,"1","RGI only"
"SRR6714077.21","resistance-nodulation-cell division (RND) antibiotic efflux pump",14,0.668919381778717,NA,NA,3,0.0719820032159792,"SRR6714077",1,0,1,"2","RGI+Groot"
"SRR6714077.22","rifamycin-resistant beta-subunit of RNA polymerase (rpoB)",2,2.12347818589501,NA,NA,NA,NA,"SRR6714077",1,0,0,"1","RGI only"
"SRR6714077.23","streptothricin acetyltransferase (SAT)",1,0.143447471869262,NA,NA,NA,NA,"SRR6714077",1,0,0,"1","RGI only"
"SRR6714077.24","tetracycline inactivation enzyme",2,15.0605974689991,1,17.9767830899192,3,7.15162274742186,"SRR6714077",1,1,1,"3","All"
"SRR6714077.25","tetracycline-resistant ribosomal protection protein",5,130.402146040655,4,110.172033034806,6,25.3354441372049,"SRR6714077",1,1,1,"3","All"
"SRR6714077.26","trimethoprim resistant dihydrofolate reductase dfr",1,0.944145178484957,1,0.944145178484957,1,0.367167569410817,"SRR6714077",1,1,1,"3","All"
"SRR6714078.1","ABC-F ATP-binding cassette ribosomal protection protein",3,9.94805827876649,1,5.49075360196898,1,0.283489995753833,"SRR6714078",1,1,1,"3","All"
"SRR6714078.2","ACI beta-lactamase",1,0.637656167734384,1,0.637656167734384,1,0.297572878276046,"SRR6714078",1,1,1,"3","All"
"SRR6714078.3","aminocoumarin resistant gyrB",NA,NA,NA,NA,1,0.0150502697974575,"SRR6714078",0,0,1,"1","Groot only"
"SRR6714078.4","ampC-type beta-lactamase",3,0.583543464802385,1,0.345259427607477,1,0.109855272420561,"SRR6714078",1,1,1,"3","All"
"SRR6714078.5","ANT(6)",4,31.8750860067856,1,31.2562226385635,2,13.3985288161272,"SRR6714078",1,1,1,"3","All"
"SRR6714078.6","antibiotic resistant fabG",NA,NA,1,0.296705318864162,2,0.148352659432081,"SRR6714078",0,1,1,"2","Groot+Ariba"
"SRR6714078.7","antibiotic resistant nfsA",NA,NA,NA,NA,1,0.0251358240393222,"SRR6714078",0,0,1,"1","Groot only"
"SRR6714078.8","antibiotic-resistant cya adenylate cyclase",NA,NA,NA,NA,2,0.0285405587442951,"SRR6714078",0,0,1,"1","Groot only"
"SRR6714078.9","antibiotic-resistant GlpT",NA,NA,NA,NA,1,0.0133724803388005,"SRR6714078",0,0,1,"1","Groot only"
"SRR6714078.10","antibiotic-resistant isoleucyl-tRNA synthetase (ileS)",2,0.0664926538489741,NA,NA,NA,NA,"SRR6714078",1,0,0,"1","RGI only"
"SRR6714078.11","antibiotic-resistant murA transferase",NA,NA,NA,NA,1,0.0288463504451269,"SRR6714078",0,0,1,"1","Groot only"
"SRR6714078.12","antibiotic-resistant ptsI phosphotransferase",NA,NA,NA,NA,1,0.0210337971995717,"SRR6714078",0,0,1,"1","Groot only"
"SRR6714078.13","antibiotic-resistant UhpT",NA,NA,NA,NA,1,0.0130554603307686,"SRR6714078",0,0,1,"1","Groot only"
"SRR6714078.14","APH(2'')",1,0.0394640624982192,NA,NA,NA,NA,"SRR6714078",1,0,0,"1","RGI only"
"SRR6714078.15","APH(3')",1,0.754359277678224,1,0.777218649729079,1,0.297171836661118,"SRR6714078",1,1,1,"3","All"
"SRR6714078.16","ATP-binding cassette (ABC) antibiotic efflux pump",10,1.39318398388483,1,0.166249978551675,2,0.031835505701216,"SRR6714078",1,1,1,"3","All"
"SRR6714078.17","ATP-binding cassette (ABC) antibiotic efflux pump;major facilitator superfamily (MFS) antibiotic efflux pump;resistance-nodulation-cell division (RND) antibiotic efflux pump",1,0.146558070809919,1,0.146558070809919,1,0.0244263451349865,"SRR6714078",1,1,1,"3","All"
"SRR6714078.18","ATP-binding cassette (ABC) antibiotic efflux pump;pmr phosphoethanolamine transferase",NA,NA,NA,NA,1,0.12620278319743,"SRR6714078",0,0,1,"1","Groot only"
"SRR6714078.19","CblA beta-lactamase",1,0.0407928188112905,NA,NA,1,0.0203964094056453,"SRR6714078",1,0,1,"2","RGI+Groot"
"SRR6714078.20","cepA beta-lactamase",1,0.0402507215513398,NA,NA,NA,NA,"SRR6714078",1,0,0,"1","RGI only"
"SRR6714078.21","CfxA beta-lactamase",1,132.886969160513,2,178.617916588226,6,68.3808101604723,"SRR6714078",1,1,1,"3","All"
"SRR6714078.22","chloramphenicol acetyltransferase (CAT)",3,1.65081764437614,1,0.931959014381022,2,0.0873711575982208,"SRR6714078",1,1,1,"3","All"
"SRR6714078.23","elfamycin resistant EF-Tu",NA,NA,1,0.429408963588218,3,0.152238195279098,"SRR6714078",0,1,1,"2","Groot+Ariba"
"SRR6714078.24","Erm 23S ribosomal RNA methyltransferase",3,106.582271495474,3,115.099175292152,3,34.6603530460321,"SRR6714078",1,1,1,"3","All"
"SRR6714078.25","fluoroquinolone resistant gyrA",NA,NA,1,0.302199861806091,2,0.0137833996745306,"SRR6714078",0,1,1,"2","Groot+Ariba"
"SRR6714078.26","fluoroquinolone resistant gyrB",NA,NA,NA,NA,1,0.00752513489872875,"SRR6714078",0,0,1,"1","Groot only"
"SRR6714078.27","fluoroquinolone resistant parC",NA,NA,1,0.160895978578397,2,0.0241343967867595,"SRR6714078",0,1,1,"2","Groot+Ariba"
"SRR6714078.28","fluoroquinolone resistant parE",NA,NA,NA,NA,1,0.00960021171707868,"SRR6714078",0,0,1,"1","Groot only"
"SRR6714078.29","General Bacterial Porin with reduced permeability to beta-lactams",1,0.0323079124985421,NA,NA,2,0.0498371752547523,"SRR6714078",1,0,1,"2","RGI+Groot"
"SRR6714078.30","glycopeptide resistance gene cluster;van ligase",1,0.0694296113865518,NA,NA,NA,NA,"SRR6714078",1,0,0,"1","RGI only"
"SRR6714078.31","glycopeptide resistance gene cluster;vanR",1,0.0522218413230745,NA,NA,NA,NA,"SRR6714078",1,0,0,"1","RGI only"
"SRR6714078.32","lincosamide nucleotidyltransferase (LNU)",NA,NA,NA,NA,1,0.0226034835577487,"SRR6714078",0,0,1,"1","Groot only"
"SRR6714078.33","major facilitator superfamily (MFS) antibiotic efflux pump",15,2.39604943410997,4,2.01694697391131,5,0.674729196464859,"SRR6714078",1,1,1,"3","All"
"SRR6714078.34","major facilitator superfamily (MFS) antibiotic efflux pump;resistance-nodulation-cell division (RND) antibiotic efflux pump",1,0.0606784667126208,NA,NA,NA,NA,"SRR6714078",1,0,0,"1","RGI only"
"SRR6714078.35","MipA-interacting Protein",NA,NA,NA,NA,1,0.02432824736336,"SRR6714078",0,0,1,"1","Groot only"
"SRR6714078.36","non-erm 23S ribosomal RNA methyltransferase (G748)",1,0.0856216762328854,NA,NA,NA,NA,"SRR6714078",1,0,0,"1","RGI only"
"SRR6714078.37","pmr phosphoethanolamine transferase",3,0.968225183654302,1,0.154759617351593,2,0.0266268383140732,"SRR6714078",1,1,1,"3","All"
"SRR6714078.38","resistance-nodulation-cell division (RND) antibiotic efflux pump",20,2.25295993509106,4,0.704013367269153,12,0.366475808592835,"SRR6714078",1,1,1,"3","All"
"SRR6714078.39","rifamycin-resistant beta-subunit of RNA polymerase (rpoB)",2,2.10397790774683,1,0.19846632770884,1,0.0586377786412482,"SRR6714078",1,1,1,"3","All"
"SRR6714078.40","streptogramin vat acetyltransferase",1,0.0568801276382784,NA,NA,NA,NA,"SRR6714078",1,0,0,"1","RGI only"
"SRR6714078.41","streptothricin acetyltransferase (SAT)",1,0.334681414004235,NA,NA,1,0.10040442420127,"SRR6714078",1,0,1,"2","RGI+Groot"
"SRR6714078.42","Sugar Porin (SP)",NA,NA,NA,NA,1,0.0406559301575614,"SRR6714078",0,0,1,"1","Groot only"
"SRR6714078.43","TEM beta-lactamase",NA,NA,NA,NA,1,0.0211070856915563,"SRR6714078",0,0,1,"1","Groot only"
"SRR6714078.44","tetracycline inactivation enzyme",2,74.8809649036987,1,101.533221155444,3,40.9434997749805,"SRR6714078",1,1,1,"3","All"
"SRR6714078.45","tetracycline-resistant ribosomal protection protein",7,191.604410075837,5,140.291885459852,8,28.3244752941534,"SRR6714078",1,1,1,"3","All"
"SRR6714078.46","trimethoprim resistant dihydrofolate reductase dfr",1,2.5699475851113,1,2.34966636353033,1,0.99126549711436,"SRR6714078",1,1,1,"3","All"
"SRR6714079.1","AAC(6');APH(2'')",1,0.0885447854353717,NA,NA,1,0.0442723927176858,"SRR6714079",1,0,1,"2","RGI+Groot"
"SRR6714079.2","ABC-F ATP-binding cassette ribosomal protection protein",5,2.82966659762957,1,1.74472483616496,NA,NA,"SRR6714079",1,1,0,"2","RGI+Ariba"
"SRR6714079.3","ACI beta-lactamase",1,4.87151661623378,1,5.07035402914128,1,2.13750218875564,"SRR6714079",1,1,1,"3","All"
"SRR6714079.4","aminocoumarin resistant gyrB",NA,NA,NA,NA,1,0.0263984453471916,"SRR6714079",0,0,1,"1","Groot only"
"SRR6714079.5","ampC-type beta-lactamase",1,0.0734050034697382,NA,NA,NA,NA,"SRR6714079",1,0,0,"1","RGI only"
"SRR6714079.6","ANT(3'')",NA,NA,NA,NA,1,0.0272445493647297,"SRR6714079",0,0,1,"1","Groot only"
"SRR6714079.7","ANT(6)",4,20.7423708563817,1,19.1355119635331,2,8.09200955784369,"SRR6714079",1,1,1,"3","All"
"SRR6714079.8","antibiotic resistant fabG",NA,NA,NA,NA,1,0.0578251659986101,"SRR6714079",0,0,1,"1","Groot only"
"SRR6714079.9","antibiotic resistant fabI",NA,NA,NA,NA,1,0.0269337750373754,"SRR6714079",0,0,1,"1","Groot only"
"SRR6714079.10","antibiotic resistant nfsA",NA,NA,NA,NA,1,0.0587849197911181,"SRR6714079",0,0,1,"1","Groot only"
"SRR6714079.11","antibiotic-resistant cya adenylate cyclase",NA,NA,NA,NA,2,0.0166868853588451,"SRR6714079",0,0,1,"1","Groot only"
"SRR6714079.12","antibiotic-resistant GlpT",NA,NA,1,0.0938222892030428,1,0.0156370482005071,"SRR6714079",0,1,1,"2","Groot+Ariba"
"SRR6714079.13","antibiotic-resistant isoleucyl-tRNA synthetase (ileS)",1,0.0383587518131574,NA,NA,NA,NA,"SRR6714079",1,0,0,"1","RGI only"
"SRR6714079.14","antibiotic-resistant murA transferase",NA,NA,NA,NA,1,0.0505970202487838,"SRR6714079",0,0,1,"1","Groot only"
"SRR6714079.15","antibiotic-resistant ptsI phosphotransferase",NA,NA,NA,NA,1,0.0245957737320477,"SRR6714079",0,0,1,"1","Groot only"
"SRR6714079.16","antibiotic-resistant UhpT",NA,NA,NA,NA,1,0.0152663423164434,"SRR6714079",0,0,1,"1","Groot only"
"SRR6714079.17","APH(3')",1,2.64631962508733,1,3.10073814656698,1,1.2830640606484,"SRR6714079",1,1,1,"3","All"
"SRR6714079.18","APH(6)",1,0.0530605455792489,NA,NA,NA,NA,"SRR6714079",1,0,0,"1","RGI only"
"SRR6714079.19","ATP-binding cassette (ABC) antibiotic efflux pump",9,0.946355371040919,NA,NA,1,0.0121502278470493,"SRR6714079",1,0,1,"2","RGI+Groot"
"SRR6714079.20","ATP-binding cassette (ABC) antibiotic efflux pump;major facilitator superfamily (MFS) antibiotic efflux pump;resistance-nodulation-cell division (RND) antibiotic efflux pump",1,0.114251336045641,NA,NA,1,0.0285628340114102,"SRR6714079",1,0,1,"2","RGI+Groot"
"SRR6714079.21","CblA beta-lactamase",1,1.62183041336169,1,1.57412951885105,1,0.405457603340422,"SRR6714079",1,1,1,"3","All"
"SRR6714079.22","Cfr 23S ribosomal RNA methyltransferase",1,0.040477616199027,NA,NA,NA,NA,"SRR6714079",1,0,0,"1","RGI only"
"SRR6714079.23","CfxA beta-lactamase",1,124.645454581552,2,180.454312473982,6,62.9125841192919,"SRR6714079",1,1,1,"3","All"
"SRR6714079.24","chloramphenicol acetyltransferase (CAT)",2,2.34402799717278,1,1.63467296188378,1,0.0340556867059122,"SRR6714079",1,1,1,"3","All"
"SRR6714079.25","elfamycin resistant EF-Tu",NA,NA,NA,NA,1,0.0345540626089255,"SRR6714079",0,0,1,"1","Groot only"
"SRR6714079.26","Erm 23S ribosomal RNA methyltransferase",5,64.9768317215423,3,69.8878332720769,4,20.6208853648244,"SRR6714079",1,1,1,"3","All"
"SRR6714079.27","fluoroquinolone resistant gyrA",NA,NA,1,0.16062546110725,1,0.00803127305536251,"SRR6714079",0,1,1,"2","Groot+Ariba"
"SRR6714079.28","fluoroquinolone resistant parC",NA,NA,NA,NA,2,0.0376411035821301,"SRR6714079",0,0,1,"1","Groot only"
"SRR6714079.29","General Bacterial Porin with reduced permeability to beta-lactams",NA,NA,NA,NA,2,0.0580117350977941,"SRR6714079",0,0,1,"1","Groot only"
"SRR6714079.30","General Bacterial Porin with reduced permeability to beta-lactams;resistance-nodulation-cell division (RND) antibiotic efflux pump",1,0.221361963588429,NA,NA,NA,NA,"SRR6714079",1,0,0,"1","RGI only"
"SRR6714079.31","glycopeptide resistance gene cluster;van ligase",2,0.32405289300883,NA,NA,NA,NA,"SRR6714079",1,0,0,"1","RGI only"
"SRR6714079.32","glycopeptide resistance gene cluster;vanR",3,0.301959744422746,NA,NA,NA,NA,"SRR6714079",1,0,0,"1","RGI only"
"SRR6714079.33","glycopeptide resistance gene cluster;vanS",1,0.307147223190449,NA,NA,NA,NA,"SRR6714079",1,0,0,"1","RGI only"
"SRR6714079.34","glycopeptide resistance gene cluster;vanT",1,0.0198697975731549,NA,NA,NA,NA,"SRR6714079",1,0,0,"1","RGI only"
"SRR6714079.35","glycopeptide resistance gene cluster;vanW",1,0.95452534653734,NA,NA,NA,NA,"SRR6714079",1,0,0,"1","RGI only"
"SRR6714079.36","glycopeptide resistance gene cluster;vanXY",1,1.05559273617071,1,0.666690149160445,1,0.0277787562150186,"SRR6714079",1,1,1,"3","All"
"SRR6714079.37","kdpDE",1,0.0626865737595552,NA,NA,NA,NA,"SRR6714079",1,0,0,"1","RGI only"
"SRR6714079.38","lincosamide nucleotidyltransferase (LNU)",2,9.01444077975465,1,8.07099135119994,1,0.987408516370205,"SRR6714079",1,1,1,"3","All"
"SRR6714079.39","macrolide phosphotransferase (MPH)",1,0.0469111446015214,NA,NA,1,0.0234555723007607,"SRR6714079",1,0,1,"2","RGI+Groot"
"SRR6714079.40","major facilitator superfamily (MFS) antibiotic efflux pump",11,3.57512766008548,3,3.27465309067238,6,1.10173989602284,"SRR6714079",1,1,1,"3","All"
"SRR6714079.41","major facilitator superfamily (MFS) antibiotic efflux pump;resistance-nodulation-cell division (RND) antibiotic efflux pump",2,0.18052911341341,NA,NA,2,0.0404669030386665,"SRR6714079",1,0,1,"2","RGI+Groot"
"SRR6714079.42","multidrug and toxic compound extrusion (MATE) transporter",1,0.0298256119361252,NA,NA,NA,NA,"SRR6714079",1,0,0,"1","RGI only"
"SRR6714079.43","PDC beta-lactamase",1,0.0355958936423605,NA,NA,NA,NA,"SRR6714079",1,0,0,"1","RGI only"
"SRR6714079.44","pmr phosphoethanolamine transferase",3,1.89812788223613,NA,NA,NA,NA,"SRR6714079",1,0,0,"1","RGI only"
"SRR6714079.45","resistance-nodulation-cell division (RND) antibiotic efflux pump",28,2.39608771248404,1,0.146810006939476,8,0.182626332860572,"SRR6714079",1,1,1,"3","All"
"SRR6714079.46","rifamycin-resistant beta-subunit of RNA polymerase (rpoB)",2,2.62096685276461,NA,NA,1,0.0158233421477954,"SRR6714079",1,0,1,"2","RGI+Groot"
"SRR6714079.47","streptothricin acetyltransferase (SAT)",1,1.99592665511777,1,2.582963906623,1,0.821852152107317,"SRR6714079",1,1,1,"3","All"
"SRR6714079.48","sulfonamide resistant dihydropteroate synthase folP",NA,NA,NA,NA,1,0.0250303280382676,"SRR6714079",0,0,1,"1","Groot only"
"SRR6714079.49","tetracycline inactivation enzyme",3,31.527275667353,1,40.6805245578654,3,16.4338517922263,"SRR6714079",1,1,1,"3","All"
"SRR6714079.50","tetracycline-resistant ribosomal protection protein",8,143.443620161957,5,120.749923390266,8,19.7211251385981,"SRR6714079",1,1,1,"3","All"
"SRR6714079.51","trimethoprim resistant dihydrofolate reductase dfr",2,1.15835587868574,1,1.37378576190637,2,0.429049431288154,"SRR6714079",1,1,1,"3","All"
"SRR6714088.1","ABC-F ATP-binding cassette ribosomal protection protein",2,1.03034542813188,NA,NA,NA,NA,"SRR6714088",1,0,0,"1","RGI only"
"SRR6714088.2","ACI beta-lactamase",1,2.27273117252735,1,2.54011131047175,1,0.902407965562331,"SRR6714088",1,1,1,"3","All"
"SRR6714088.3","ANT(6)",3,28.3161344737709,1,28.6424009748507,1,12.2044410620322,"SRR6714088",1,1,1,"3","All"
"SRR6714088.4","antibiotic-resistant isoleucyl-tRNA synthetase (ileS)",1,1.18637870322124,NA,NA,NA,NA,"SRR6714088",1,0,0,"1","RGI only"
"SRR6714088.5","APH(3')",1,0.826734341615805,1,0.934569255739605,1,0.467284627869803,"SRR6714088",1,1,1,"3","All"
"SRR6714088.6","ATP-binding cassette (ABC) antibiotic efflux pump",8,0.814482283028307,NA,NA,1,0.0286478719226137,"SRR6714088",1,0,1,"2","RGI+Groot"
"SRR6714088.7","CblA beta-lactamase",1,0.0641442250119128,NA,NA,1,0.0320721125059564,"SRR6714088",1,0,1,"2","RGI+Groot"
"SRR6714088.8","CfxA beta-lactamase",1,93.7335502783644,2,197.025664114062,6,79.6562407550504,"SRR6714088",1,1,1,"3","All"
"SRR6714088.9","chloramphenicol acetyltransferase (CAT)",4,1.14561590169335,NA,NA,NA,NA,"SRR6714088",1,0,0,"1","RGI only"
"SRR6714088.10","defensin resistant mprF",1,0.133690068972197,NA,NA,1,0.0167112586215247,"SRR6714088",1,0,1,"2","RGI+Groot"
"SRR6714088.11","Erm 23S ribosomal RNA methyltransferase",6,121.26630292236,4,131.214708866176,5,41.5079216769693,"SRR6714088",1,1,1,"3","All"
"SRR6714088.12","glycopeptide resistance gene cluster;van ligase",1,0.0545869192794788,NA,NA,NA,NA,"SRR6714088",1,0,0,"1","RGI only"
"SRR6714088.13","glycopeptide resistance gene cluster;vanU",1,0.25066887932287,NA,NA,NA,NA,"SRR6714088",1,0,0,"1","RGI only"
"SRR6714088.14","lincosamide nucleotidyltransferase (LNU)",1,0.808217235150101,1,0.577298025107215,1,0.115459605021443,"SRR6714088",1,1,1,"3","All"
"SRR6714088.15","Llm 23S ribosomal RNA methyltransferase",1,0.0661487320435351,NA,NA,NA,NA,"SRR6714088",1,0,0,"1","RGI only"
"SRR6714088.16","major facilitator superfamily (MFS) antibiotic efflux pump",3,4.87023544749766,2,5.15213453306657,3,2.10355396236932,"SRR6714088",1,1,1,"3","All"
"SRR6714088.17","pmr phosphoethanolamine transferase",1,2.98740597568335,NA,NA,NA,NA,"SRR6714088",1,0,0,"1","RGI only"
"SRR6714088.18","resistance-nodulation-cell division (RND) antibiotic efflux pump",4,0.0904723879409307,NA,NA,NA,NA,"SRR6714088",1,0,0,"1","RGI only"
"SRR6714088.19","rifamycin-resistant beta-subunit of RNA polymerase (rpoB)",2,4.59978077209273,1,2.21484010643493,NA,NA,"SRR6714088",1,1,0,"2","RGI+Ariba"
"SRR6714088.20","streptothricin acetyltransferase (SAT)",1,0.157879846645343,NA,NA,NA,NA,"SRR6714088",1,0,0,"1","RGI only"
"SRR6714088.21","tetracycline inactivation enzyme",3,102.551956272867,1,130.368437824083,3,51.3714945654995,"SRR6714088",1,1,1,"3","All"
"SRR6714088.22","tetracycline-resistant ribosomal protection protein",6,219.040303643605,5,163.3992708981,7,29.464665418765,"SRR6714088",1,1,1,"3","All"
"SRR6714088.23","trimethoprim resistant dihydrofolate reductase dfr",1,2.30919210042886,1,2.30919210042886,1,0.692757630128658,"SRR6714088",1,1,1,"3","All"
"SRR6714098.1","16S rRNA methyltransferase (G1405)",2,0.182509885914119,NA,NA,1,0.0445496571916353,"SRR6714098",1,0,1,"2","RGI+Groot"
"SRR6714098.2","ABC-F ATP-binding cassette ribosomal protection protein",11,2.14680020327977,1,0.798821439298288,2,0.0699192406788847,"SRR6714098",1,1,1,"3","All"
"SRR6714098.3","ACI beta-lactamase",1,4.22674642267305,1,4.22674642267305,1,1.50374632345099,"SRR6714098",1,1,1,"3","All"
"SRR6714098.4","ampC-type beta-lactamase",1,0.0600150822270735,NA,NA,NA,NA,"SRR6714098",1,0,0,"1","RGI only"
"SRR6714098.5","ANT(6)",4,9.73039229548136,1,7.07844553155983,3,3.29903711400178,"SRR6714098",1,1,1,"3","All"
"SRR6714098.6","antibiotic resistant fabG",NA,NA,NA,NA,1,0.0472771872237762,"SRR6714098",0,0,1,"1","Groot only"
"SRR6714098.7","antibiotic-resistant isoleucyl-tRNA synthetase (ileS)",2,0.336217521999346,NA,NA,NA,NA,"SRR6714098",1,0,0,"1","RGI only"
"SRR6714098.8","APH(3')",2,6.29186032459954,1,6.90603742427313,2,2.70883918607995,"SRR6714098",1,1,1,"3","All"
"SRR6714098.9","APH(6)",1,0.260290131906184,NA,NA,NA,NA,"SRR6714098",1,0,0,"1","RGI only"
"SRR6714098.10","ATP-binding cassette (ABC) antibiotic efflux pump",9,1.44777140625271,1,0.321747524161811,1,0.0199705359824572,"SRR6714098",1,1,1,"3","All"
"SRR6714098.11","ATP-binding cassette (ABC) antibiotic efflux pump;major facilitator superfamily (MFS) antibiotic efflux pump;resistance-nodulation-cell division (RND) antibiotic efflux pump",1,0.0467052857654241,NA,NA,NA,NA,"SRR6714098",1,0,0,"1","RGI only"
"SRR6714098.12","cepA beta-lactamase",1,0.0769628629224264,NA,NA,NA,NA,"SRR6714098",1,0,0,"1","RGI only"
"SRR6714098.13","CfxA beta-lactamase",1,63.0082440689888,2,111.821506482684,6,42.2124420888101,"SRR6714098",1,1,1,"3","All"
"SRR6714098.14","chloramphenicol acetyltransferase (CAT)",3,22.0140501146959,2,16.4833731609051,2,3.50828550384128,"SRR6714098",1,1,1,"3","All"
"SRR6714098.15","daptomycin resistant cls",NA,NA,NA,NA,1,0.0239316340285644,"SRR6714098",0,0,1,"1","Groot only"
"SRR6714098.16","daptomycin resistant gshF",NA,NA,NA,NA,1,0.0765053558112627,"SRR6714098",0,0,1,"1","Groot only"
"SRR6714098.17","daptomycin resistant liaR",NA,NA,NA,NA,1,0.0548953121792662,"SRR6714098",0,0,1,"1","Groot only"
"SRR6714098.18","daptomycin resistant liaS",NA,NA,NA,NA,1,0.0629506025533977,"SRR6714098",0,0,1,"1","Groot only"
"SRR6714098.19","daptomycin resistant YybT",NA,NA,1,0.562447872282861,1,0.158188464079555,"SRR6714098",0,1,1,"2","Groot+Ariba"
"SRR6714098.20","elfamycin resistant EF-Tu",NA,NA,NA,NA,3,0.114216838109062,"SRR6714098",0,0,1,"1","Groot only"
"SRR6714098.21","Erm 23S ribosomal RNA methyltransferase",4,69.3563512491221,3,75.0631257378239,4,25.1798236949814,"SRR6714098",1,1,1,"3","All"
"SRR6714098.22","fluoroquinolone resistant gyrA",NA,NA,NA,NA,1,0.026265104013209,"SRR6714098",0,0,1,"1","Groot only"
"SRR6714098.23","glycopeptide resistance gene cluster;van ligase",1,0.165470155283217,1,0.39712837267972,NA,NA,"SRR6714098",1,1,0,"2","RGI+Ariba"
"SRR6714098.24","glycopeptide resistance gene cluster;vanR",4,1.68980340836504,NA,NA,NA,NA,"SRR6714098",1,0,0,"1","RGI only"
"SRR6714098.25","glycopeptide resistance gene cluster;vanS",1,0.125560009428999,NA,NA,NA,NA,"SRR6714098",1,0,0,"1","RGI only"
"SRR6714098.26","glycopeptide resistance gene cluster;vanT",1,0.0974719007278416,NA,NA,1,0.0324906335759472,"SRR6714098",1,0,1,"2","RGI+Groot"
"SRR6714098.27","glycopeptide resistance gene cluster;vanXY",1,0.953886777515015,1,0.726770878106678,NA,NA,"SRR6714098",1,1,0,"2","RGI+Ariba"
"SRR6714098.28","glycopeptide resistance gene cluster;vanY",1,0.086118296429927,NA,NA,NA,NA,"SRR6714098",1,0,0,"1","RGI only"
"SRR6714098.29","lincosamide nucleotidyltransferase (LNU)",2,4.7634747224409,2,4.34227796353816,2,0.418674622621879,"SRR6714098",1,1,1,"3","All"
"SRR6714098.30","Llm 23S ribosomal RNA methyltransferase",1,0.563058167283168,NA,NA,NA,NA,"SRR6714098",1,0,0,"1","RGI only"
"SRR6714098.31","major facilitator superfamily (MFS) antibiotic efflux pump",7,2.76587081736915,1,1.93522835171526,4,0.596912467412918,"SRR6714098",1,1,1,"3","All"
"SRR6714098.32","multidrug and toxic compound extrusion (MATE) transporter",1,0.0587965018772852,NA,NA,1,0.0293982509386426,"SRR6714098",1,0,1,"2","RGI+Groot"
"SRR6714098.33","pmr phosphoethanolamine transferase",2,0.36764302008239,NA,NA,NA,NA,"SRR6714098",1,0,0,"1","RGI only"
"SRR6714098.34","resistance-nodulation-cell division (RND) antibiotic efflux pump",13,1.05672205269902,NA,NA,NA,NA,"SRR6714098",1,0,0,"1","RGI only"
"SRR6714098.35","rifamycin-resistant beta-subunit of RNA polymerase (rpoB)",2,5.65067561249608,1,0.72210227832103,NA,NA,"SRR6714098",1,1,0,"2","RGI+Ariba"
"SRR6714098.36","streptogramin vat acetyltransferase",1,0.108759726477232,NA,NA,NA,NA,"SRR6714098",1,0,0,"1","RGI only"
"SRR6714098.37","streptothricin acetyltransferase (SAT)",1,3.77564497966677,1,3.58366303154812,1,1.02390372329946,"SRR6714098",1,1,1,"3","All"
"SRR6714098.38","TEM beta-lactamase",1,0.0655018522327531,NA,NA,1,0.0403585744593212,"SRR6714098",1,0,1,"2","RGI+Groot"
"SRR6714098.39","tetracycline inactivation enzyme",2,38.8619348680769,1,52.1082108539693,3,20.3962568332254,"SRR6714098",1,1,1,"3","All"
"SRR6714098.40","tetracycline-resistant ribosomal protection protein",8,212.098216240389,6,185.793693818931,8,41.6171722714127,"SRR6714098",1,1,1,"3","All"
"SRR6714098.41","trimethoprim resistant dihydrofolate reductase dfr",1,5.75635570500403,1,6.31795138354101,1,2.66757947305065,"SRR6714098",1,1,1,"3","All"
"SRR6714098.42","vancomycin-resistant beta prime subunit of RNA polymerase (rpoC)",NA,NA,1,0.199361632871346,NA,NA,"SRR6714098",0,1,0,"1","Ariba only"
